{
    "loss": -0.6486111111111111,
    "space": [
        0.001,
        0.6000000000000001,
        0.85,
        1e-05
    ],
    "status": "ok"
}