{
    "loss": -0.6888888888888889,
    "space": [
        0.001,
        0.30000000000000004,
        0.99,
        0.001
    ],
    "status": "ok"
}