{
    "loss": -0.7013888888888888,
    "space": [
        0.001,
        0.6000000000000001,
        0.9,
        0.001
    ],
    "status": "ok"
}