{
    "loss": -0.7097222222222223,
    "space": [
        0.01,
        0.6000000000000001,
        0.85,
        0.1
    ],
    "status": "ok"
}