{
    "loss": -0.7166666666666667,
    "space": [
        0.001,
        0.7000000000000001,
        0.85,
        1e-05
    ],
    "status": "ok"
}