{
    "loss": -0.8181818181818182,
    "space": [
        0.09,
        0.6000000000000001,
        0.85,
        0.01
    ],
    "status": "ok"
}