{
    "loss": -0.6574074074074074,
    "space": [
        0.08,
        0.30000000000000004,
        0.99,
        0.01
    ],
    "status": "ok"
}