{
    "loss": -0.7851851851851852,
    "space": [
        0.005,
        0.7000000000000001,
        0.95,
        0.01
    ],
    "status": "ok"
}