{
    "loss": -0.7962962962962963,
    "space": [
        0.0001,
        0.30000000000000004,
        0.95,
        0.1
    ],
    "status": "ok"
}