{
    "loss": -0.8055555555555556,
    "space": [
        0.005,
        0.7000000000000001,
        0.95,
        0.01
    ],
    "status": "ok"
}