{
    "loss": -0.7685185185185185,
    "space": [
        0.005,
        0.6000000000000001,
        0.95,
        0.01
    ],
    "status": "ok"
}