{
    "loss": -0.45111111111111113,
    "space": [
        0.1,
        0.7000000000000001,
        0.95,
        0.1
    ],
    "status": "ok"
}