{
    "loss": -0.6018518518518519,
    "space": [
        0.01,
        0.6000000000000001,
        0.99,
        1e-05
    ],
    "status": "ok"
}