{
    "loss": -0.6296296296296297,
    "space": [
        0.08,
        0.6000000000000001,
        0.9,
        1e-05
    ],
    "status": "ok"
}