{
    "loss": -0.6574074074074074,
    "space": [
        0.1,
        0.6000000000000001,
        0.85,
        0.0001
    ],
    "status": "ok"
}