{
    "loss": -0.6666666666666666,
    "space": [
        0.1,
        0.7000000000000001,
        0.85,
        0.1
    ],
    "status": "ok"
}