{
    "loss": -0.7685185185185185,
    "space": [
        0.09,
        0.6000000000000001,
        0.9,
        1e-05
    ],
    "status": "ok"
}