{
    "loss": -0.8064516129032258,
    "space": [
        0.0001,
        0.30000000000000004,
        0.85,
        0.01
    ],
    "status": "ok"
}