{
    "loss": -0.8225806451612904,
    "space": [
        0.0001,
        0.30000000000000004,
        0.95,
        0.001
    ],
    "status": "ok"
}