{
    "loss": -0.8548387096774194,
    "space": [
        0.02,
        0.7000000000000001,
        0.9,
        1e-05
    ],
    "status": "ok"
}