{
    "loss": -0.18611111111111112,
    "space": [
        0.05,
        0.6000000000000001,
        0.99,
        1e-05
    ],
    "status": "ok"
}