{
    "loss": -0.8409090909090909,
    "space": [
        0.02,
        0.30000000000000004,
        0.95,
        0.001
    ],
    "status": "ok"
}