{
    "loss": -0.5822222222222222,
    "space": [
        0.1,
        0.7000000000000001,
        0.9,
        0.1
    ],
    "status": "ok"
}