{
    "loss": -0.6844444444444444,
    "space": [
        0.02,
        0.7000000000000001,
        0.85,
        0.1
    ],
    "status": "ok"
}