{
    "loss": -0.6911111111111111,
    "space": [
        1e-05,
        0.30000000000000004,
        0.99,
        0.0001
    ],
    "status": "ok"
}