{
    "loss": -0.7266666666666667,
    "space": [
        0.005,
        0.6000000000000001,
        0.85,
        0.001
    ],
    "status": "ok"
}