{
    "loss": -0.7311111111111112,
    "space": [
        0.02,
        0.6000000000000001,
        0.85,
        1e-05
    ],
    "status": "ok"
}