{
    "loss": -0.34989200863930886,
    "space": [
        0.07,
        0.30000000000000004,
        0.99,
        0.001
    ],
    "status": "ok"
}