{
    "loss": -0.4838012958963283,
    "space": [
        0.06,
        0.6000000000000001,
        0.95,
        1e-05
    ],
    "status": "ok"
}