{
    "loss": -0.6565874730021598,
    "space": [
        0.09,
        0.6000000000000001,
        0.9,
        0.1
    ],
    "status": "ok"
}