{
    "loss": -0.6846652267818575,
    "space": [
        0.07,
        0.7000000000000001,
        0.85,
        0.0001
    ],
    "status": "ok"
}