{
    "loss": -0.8548387096774194,
    "space": [
        0.08,
        0.6000000000000001,
        0.9,
        0.0001
    ],
    "status": "ok"
}