{
    "loss": -0.8225806451612904,
    "space": [
        0.001,
        0.7000000000000001,
        0.95,
        0.1
    ],
    "status": "ok"
}