{
    "loss": -0.8387096774193549,
    "space": [
        0.06,
        0.7000000000000001,
        0.95,
        0.1
    ],
    "status": "ok"
}