{
    "loss": -0.8709677419354839,
    "space": [
        0.02,
        0.7000000000000001,
        0.85,
        0.001
    ],
    "status": "ok"
}