{
    "loss": -0.7685185185185185,
    "space": [
        1e-05,
        0.30000000000000004,
        0.85,
        0.0001
    ],
    "status": "ok"
}