{
    "loss": -0.8240740740740741,
    "space": [
        0.01,
        0.30000000000000004,
        0.95,
        0.01
    ],
    "status": "ok"
}