{
    "loss": -0.6296296296296297,
    "space": [
        0.05,
        0.30000000000000004,
        0.99,
        0.1
    ],
    "status": "ok"
}