{
    "loss": -0.7296296296296296,
    "space": [
        0.005,
        0.7000000000000001,
        0.99,
        0.01
    ],
    "status": "ok"
}