{
    "loss": -0.725925925925926,
    "space": [
        0.02,
        0.30000000000000004,
        0.95,
        1e-05
    ],
    "status": "ok"
}