{
    "loss": -0.42592592592592593,
    "space": [
        0.08,
        0.30000000000000004,
        0.95,
        0.0001
    ],
    "status": "ok"
}