{
    "loss": -0.7129629629629629,
    "space": [
        0.08,
        0.7000000000000001,
        0.85,
        0.001
    ],
    "status": "ok"
}