{
    "loss": -0.8148148148148148,
    "space": [
        0.08,
        0.7000000000000001,
        0.9,
        0.1
    ],
    "status": "ok"
}