{
    "loss": -0.6818181818181818,
    "space": [
        0.07,
        0.6000000000000001,
        0.85,
        0.1
    ],
    "status": "ok"
}