{
    "loss": -0.7045454545454546,
    "space": [
        0.02,
        0.30000000000000004,
        0.9,
        1e-05
    ],
    "status": "ok"
}