{
    "loss": -0.7727272727272727,
    "space": [
        0.06,
        0.30000000000000004,
        0.9,
        0.01
    ],
    "status": "ok"
}