{
    "loss": -0.7954545454545454,
    "space": [
        0.07,
        0.6000000000000001,
        0.85,
        0.01
    ],
    "status": "ok"
}