{
    "loss": -0.6777777777777778,
    "space": [
        0.005,
        0.30000000000000004,
        0.85,
        0.0001
    ],
    "status": "ok"
}