{
    "loss": -0.7611111111111111,
    "space": [
        0.001,
        0.6000000000000001,
        0.99,
        0.01
    ],
    "status": "ok"
}