{
    "loss": -0.8870967741935484,
    "space": [
        0.05,
        0.6000000000000001,
        0.9,
        0.01
    ],
    "status": "ok"
}